"Pass []","re(Mode(1)) [g]","re(Mode(2)) [g]"
1,1.3704853075517,6.77790468220261
2,1.84159437094201,7.00627624303101
3,2.10737173385741,6.67817107223097
4,2.79311263608139,6.67757987062087
5,3.05910838991312,6.81651512550312
